"filename", "language", "Lua", "Markdown", "comment", "blank", "total"
"d:\Mods\BG3 Modder MultiTool\Absolutes_Laboratory\Absolutes_Laboratory\Mods\Absolutes_Laboratory\ScriptExtender\Lua\BootstrapClient.lua", "Lua", 68, 0, 9, 13, 90
"d:\Mods\BG3 Modder MultiTool\Absolutes_Laboratory\Absolutes_Laboratory\Mods\Absolutes_Laboratory\ScriptExtender\Lua\BootstrapServer.lua", "Lua", 13, 0, 0, 6, 19
"d:\Mods\BG3 Modder MultiTool\Absolutes_Laboratory\Absolutes_Laboratory\Mods\Absolutes_Laboratory\ScriptExtender\Lua\Client\Inspector\CharacterInspector.lua", "Lua", 126, 0, 15, 25, 166
"d:\Mods\BG3 Modder MultiTool\Absolutes_Laboratory\Absolutes_Laboratory\Mods\Absolutes_Laboratory\ScriptExtender\Lua\Client\Inspector\CharacterWindow.lua", "Lua", 153, 0, 7, 30, 190
"d:\Mods\BG3 Modder MultiTool\Absolutes_Laboratory\Absolutes_Laboratory\Mods\Absolutes_Laboratory\ScriptExtender\Lua\Client\Inspector\EntityProcessors\EntityProxy.lua", "Lua", 45, 0, 5, 10, 60
"d:\Mods\BG3 Modder MultiTool\Absolutes_Laboratory\Absolutes_Laboratory\Mods\Absolutes_Laboratory\ScriptExtender\Lua\Client\Inspector\EntityProcessors\Proxies\ActionResources.lua", "Lua", 62, 0, 3, 7, 72
"d:\Mods\BG3 Modder MultiTool\Absolutes_Laboratory\Absolutes_Laboratory\Mods\Absolutes_Laboratory\ScriptExtender\Lua\Client\Inspector\EntityProcessors\Proxies\BoostContainers.lua", "Lua", 36, 0, 1, 9, 46
"d:\Mods\BG3 Modder MultiTool\Absolutes_Laboratory\Absolutes_Laboratory\Mods\Absolutes_Laboratory\ScriptExtender\Lua\Client\Inspector\EntityProcessors\Proxies\DisplayStrings.lua", "Lua", 17, 0, 1, 4, 22
"d:\Mods\BG3 Modder MultiTool\Absolutes_Laboratory\Absolutes_Laboratory\Mods\Absolutes_Laboratory\ScriptExtender\Lua\Client\Inspector\EntityProcessors\Proxies\Entity.lua", "Lua", 102, 0, 3, 6, 111
"d:\Mods\BG3 Modder MultiTool\Absolutes_Laboratory\Absolutes_Laboratory\Mods\Absolutes_Laboratory\ScriptExtender\Lua\Client\Inspector\EntityProcessors\Proxies\PassiveContainer.lua", "Lua", 24, 0, 2, 9, 35
"d:\Mods\BG3 Modder MultiTool\Absolutes_Laboratory\Absolutes_Laboratory\Mods\Absolutes_Laboratory\ScriptExtender\Lua\Client\Inspector\EntityProcessors\Proxies\SpellBook.lua", "Lua", 14, 0, 1, 4, 19
"d:\Mods\BG3 Modder MultiTool\Absolutes_Laboratory\Absolutes_Laboratory\Mods\Absolutes_Laboratory\ScriptExtender\Lua\Client\Inspector\ResourceProcessors\Proxies\ActionResource.lua", "Lua", 17, 0, 0, 5, 22
"d:\Mods\BG3 Modder MultiTool\Absolutes_Laboratory\Absolutes_Laboratory\Mods\Absolutes_Laboratory\ScriptExtender\Lua\Client\Inspector\ResourceProcessors\Proxies\Boosts.lua", "Lua", 25, 0, 1, 6, 32
"d:\Mods\BG3 Modder MultiTool\Absolutes_Laboratory\Absolutes_Laboratory\Mods\Absolutes_Laboratory\ScriptExtender\Lua\Client\Inspector\ResourceProcessors\Proxies\CharacterStat.lua", "Lua", 63, 0, 1, 4, 68
"d:\Mods\BG3 Modder MultiTool\Absolutes_Laboratory\Absolutes_Laboratory\Mods\Absolutes_Laboratory\ScriptExtender\Lua\Client\Inspector\ResourceProcessors\Proxies\CharacterTemplate.lua", "Lua", 55, 0, 0, 3, 58
"d:\Mods\BG3 Modder MultiTool\Absolutes_Laboratory\Absolutes_Laboratory\Mods\Absolutes_Laboratory\ScriptExtender\Lua\Client\Inspector\ResourceProcessors\Proxies\ClassDescription.lua", "Lua", 52, 0, 1, 6, 59
"d:\Mods\BG3 Modder MultiTool\Absolutes_Laboratory\Absolutes_Laboratory\Mods\Absolutes_Laboratory\ScriptExtender\Lua\Client\Inspector\ResourceProcessors\Proxies\Conditions.lua", "Lua", 14, 0, 1, 3, 18
"d:\Mods\BG3 Modder MultiTool\Absolutes_Laboratory\Absolutes_Laboratory\Mods\Absolutes_Laboratory\ScriptExtender\Lua\Client\Inspector\ResourceProcessors\Proxies\Factions.lua", "Lua", 35, 0, 2, 7, 44
"d:\Mods\BG3 Modder MultiTool\Absolutes_Laboratory\Absolutes_Laboratory\Mods\Absolutes_Laboratory\ScriptExtender\Lua\Client\Inspector\ResourceProcessors\Proxies\Functors.lua", "Lua", 146, 0, 10, 28, 184
"d:\Mods\BG3 Modder MultiTool\Absolutes_Laboratory\Absolutes_Laboratory\Mods\Absolutes_Laboratory\ScriptExtender\Lua\Client\Inspector\ResourceProcessors\Proxies\ItemList.lua", "Lua", 37, 0, 1, 5, 43
"d:\Mods\BG3 Modder MultiTool\Absolutes_Laboratory\Absolutes_Laboratory\Mods\Absolutes_Laboratory\ScriptExtender\Lua\Client\Inspector\ResourceProcessors\Proxies\ItemTemplate.lua", "Lua", 88, 0, 0, 3, 91
"d:\Mods\BG3 Modder MultiTool\Absolutes_Laboratory\Absolutes_Laboratory\Mods\Absolutes_Laboratory\ScriptExtender\Lua\Client\Inspector\ResourceProcessors\Proxies\Passives.lua", "Lua", 69, 0, 1, 6, 76
"d:\Mods\BG3 Modder MultiTool\Absolutes_Laboratory\Absolutes_Laboratory\Mods\Absolutes_Laboratory\ScriptExtender\Lua\Client\Inspector\ResourceProcessors\Proxies\Progressions.lua", "Lua", 126, 0, 9, 16, 151
"d:\Mods\BG3 Modder MultiTool\Absolutes_Laboratory\Absolutes_Laboratory\Mods\Absolutes_Laboratory\ScriptExtender\Lua\Client\Inspector\ResourceProcessors\Proxies\Race.lua", "Lua", 31, 0, 2, 6, 39
"d:\Mods\BG3 Modder MultiTool\Absolutes_Laboratory\Absolutes_Laboratory\Mods\Absolutes_Laboratory\ScriptExtender\Lua\Client\Inspector\ResourceProcessors\Proxies\SkillList.lua", "Lua", 25, 0, 1, 5, 31
"d:\Mods\BG3 Modder MultiTool\Absolutes_Laboratory\Absolutes_Laboratory\Mods\Absolutes_Laboratory\ScriptExtender\Lua\Client\Inspector\ResourceProcessors\Proxies\Spell.lua", "Lua", 201, 0, 2, 5, 208
"d:\Mods\BG3 Modder MultiTool\Absolutes_Laboratory\Absolutes_Laboratory\Mods\Absolutes_Laboratory\ScriptExtender\Lua\Client\Inspector\ResourceProcessors\Proxies\SpellLists.lua", "Lua", 13, 0, 1, 4, 18
"d:\Mods\BG3 Modder MultiTool\Absolutes_Laboratory\Absolutes_Laboratory\Mods\Absolutes_Laboratory\ScriptExtender\Lua\Client\Inspector\ResourceProcessors\Proxies\StatParser.lua", "Lua", 26, 0, 1, 3, 30
"d:\Mods\BG3 Modder MultiTool\Absolutes_Laboratory\Absolutes_Laboratory\Mods\Absolutes_Laboratory\ScriptExtender\Lua\Client\Inspector\ResourceProcessors\Proxies\Status.lua", "Lua", 131, 0, 2, 10, 143
"d:\Mods\BG3 Modder MultiTool\Absolutes_Laboratory\Absolutes_Laboratory\Mods\Absolutes_Laboratory\ScriptExtender\Lua\Client\Inspector\ResourceProcessors\Proxies\Tags.lua", "Lua", 33, 0, 2, 5, 40
"d:\Mods\BG3 Modder MultiTool\Absolutes_Laboratory\Absolutes_Laboratory\Mods\Absolutes_Laboratory\ScriptExtender\Lua\Client\Inspector\ResourceProcessors\Proxies\TreasureTables.lua", "Lua", 68, 0, 5, 15, 88
"d:\Mods\BG3 Modder MultiTool\Absolutes_Laboratory\Absolutes_Laboratory\Mods\Absolutes_Laboratory\ScriptExtender\Lua\Client\Inspector\ResourceProcessors\Proxies\XPReward.lua", "Lua", 22, 0, 2, 7, 31
"d:\Mods\BG3 Modder MultiTool\Absolutes_Laboratory\Absolutes_Laboratory\Mods\Absolutes_Laboratory\ScriptExtender\Lua\Client\Inspector\ResourceProcessors\ResourceProxy.lua", "Lua", 254, 0, 29, 42, 325
<<<<<<<< HEAD:.VSCodeCounter/2025-10-13_22-37-43/results.csv
"d:\Mods\BG3 Modder MultiTool\Absolutes_Laboratory\Absolutes_Laboratory\Mods\Absolutes_Laboratory\ScriptExtender\Lua\Client\MazzleDocs.lua", "Lua", 62, 0, 175, 42, 279
"d:\Mods\BG3 Modder MultiTool\Absolutes_Laboratory\Absolutes_Laboratory\Mods\Absolutes_Laboratory\ScriptExtender\Lua\Client\Mutations\ListDesignerBaseClass.lua", "Lua", 1875, 0, 101, 256, 2232
"d:\Mods\BG3 Modder MultiTool\Absolutes_Laboratory\Absolutes_Laboratory\Mods\Absolutes_Laboratory\ScriptExtender\Lua\Client\Mutations\MutationDesigner.lua", "Lua", 569, 0, 38, 117, 724
"d:\Mods\BG3 Modder MultiTool\Absolutes_Laboratory\Absolutes_Laboratory\Mods\Absolutes_Laboratory\ScriptExtender\Lua\Client\Mutations\MutationExternalProfileUtility.lua", "Lua", 380, 0, 35, 65, 480
"d:\Mods\BG3 Modder MultiTool\Absolutes_Laboratory\Absolutes_Laboratory\Mods\Absolutes_Laboratory\ScriptExtender\Lua\Client\Mutations\MutationProfileManager.lua", "Lua", 1436, 0, 51, 235, 1722
"d:\Mods\BG3 Modder MultiTool\Absolutes_Laboratory\Absolutes_Laboratory\Mods\Absolutes_Laboratory\ScriptExtender\Lua\Client\Mutations\ProfileExecutionStatus.lua", "Lua", 152, 0, 16, 26, 194
"d:\Mods\BG3 Modder MultiTool\Absolutes_Laboratory\Absolutes_Laboratory\Mods\Absolutes_Laboratory\ScriptExtender\Lua\Client\RandomHelpers.lua", "Lua", 90, 0, 13, 16, 119
"d:\Mods\BG3 Modder MultiTool\Absolutes_Laboratory\Absolutes_Laboratory\Mods\Absolutes_Laboratory\ScriptExtender\Lua\Client\StatBrowser.lua", "Lua", 158, 0, 12, 29, 199
"d:\Mods\BG3 Modder MultiTool\Absolutes_Laboratory\Absolutes_Laboratory\Mods\Absolutes_Laboratory\ScriptExtender\Lua\Client\Styler.lua", "Lua", 398, 0, 83, 71, 552
"d:\Mods\BG3 Modder MultiTool\Absolutes_Laboratory\Absolutes_Laboratory\Mods\Absolutes_Laboratory\ScriptExtender\Lua\Server\ClientHelpers.lua", "Lua", 33, 0, 2, 11, 46
"d:\Mods\BG3 Modder MultiTool\Absolutes_Laboratory\Absolutes_Laboratory\Mods\Absolutes_Laboratory\ScriptExtender\Lua\Server\Mutations\ExecutionDiagramGenerator.lua", "Lua", 164, 0, 5, 31, 200
"d:\Mods\BG3 Modder MultiTool\Absolutes_Laboratory\Absolutes_Laboratory\Mods\Absolutes_Laboratory\ScriptExtender\Lua\Server\Mutations\ProfileExecutor.lua", "Lua", 253, 0, 19, 45, 317
========
"d:\Mods\BG3 Modder MultiTool\Absolutes_Laboratory\Absolutes_Laboratory\Mods\Absolutes_Laboratory\ScriptExtender\Lua\Client\MazzleDocs.lua", "Lua", 63, 0, 175, 42, 280
"d:\Mods\BG3 Modder MultiTool\Absolutes_Laboratory\Absolutes_Laboratory\Mods\Absolutes_Laboratory\ScriptExtender\Lua\Client\Mutations\ListDesignerBaseClass.lua", "Lua", 1844, 0, 99, 250, 2193
"d:\Mods\BG3 Modder MultiTool\Absolutes_Laboratory\Absolutes_Laboratory\Mods\Absolutes_Laboratory\ScriptExtender\Lua\Client\Mutations\MutationDesigner.lua", "Lua", 570, 0, 35, 117, 722
"d:\Mods\BG3 Modder MultiTool\Absolutes_Laboratory\Absolutes_Laboratory\Mods\Absolutes_Laboratory\ScriptExtender\Lua\Client\Mutations\MutationExternalProfileUtility.lua", "Lua", 380, 0, 35, 65, 480
"d:\Mods\BG3 Modder MultiTool\Absolutes_Laboratory\Absolutes_Laboratory\Mods\Absolutes_Laboratory\ScriptExtender\Lua\Client\Mutations\MutationProfileManager.lua", "Lua", 1507, 0, 50, 242, 1799
"d:\Mods\BG3 Modder MultiTool\Absolutes_Laboratory\Absolutes_Laboratory\Mods\Absolutes_Laboratory\ScriptExtender\Lua\Client\Mutations\ProfileExecutionStatus.lua", "Lua", 166, 0, 16, 28, 210
"d:\Mods\BG3 Modder MultiTool\Absolutes_Laboratory\Absolutes_Laboratory\Mods\Absolutes_Laboratory\ScriptExtender\Lua\Client\RandomHelpers.lua", "Lua", 90, 0, 13, 16, 119
"d:\Mods\BG3 Modder MultiTool\Absolutes_Laboratory\Absolutes_Laboratory\Mods\Absolutes_Laboratory\ScriptExtender\Lua\Client\StatBrowser.lua", "Lua", 158, 0, 12, 29, 199
"d:\Mods\BG3 Modder MultiTool\Absolutes_Laboratory\Absolutes_Laboratory\Mods\Absolutes_Laboratory\ScriptExtender\Lua\Client\Styler.lua", "Lua", 126, 0, 18, 26, 170
"d:\Mods\BG3 Modder MultiTool\Absolutes_Laboratory\Absolutes_Laboratory\Mods\Absolutes_Laboratory\ScriptExtender\Lua\Server\ClientHelpers.lua", "Lua", 33, 0, 2, 11, 46
"d:\Mods\BG3 Modder MultiTool\Absolutes_Laboratory\Absolutes_Laboratory\Mods\Absolutes_Laboratory\ScriptExtender\Lua\Server\Mutations\ExecutionDiagramGenerator.lua", "Lua", 164, 0, 5, 31, 200
"d:\Mods\BG3 Modder MultiTool\Absolutes_Laboratory\Absolutes_Laboratory\Mods\Absolutes_Laboratory\ScriptExtender\Lua\Server\Mutations\ProfileExecutor.lua", "Lua", 266, 0, 19, 48, 333
>>>>>>>> 5b308e3ca40a36f606fd6d4813ed8b744c61498e:.VSCodeCounter/2025-10-18_18-53-06/results.csv
"d:\Mods\BG3 Modder MultiTool\Absolutes_Laboratory\Absolutes_Laboratory\Mods\Absolutes_Laboratory\ScriptExtender\Lua\Shared\Channels.lua", "Lua", 11, 0, 0, 3, 14
"d:\Mods\BG3 Modder MultiTool\Absolutes_Laboratory\Absolutes_Laboratory\Mods\Absolutes_Laboratory\ScriptExtender\Lua\Shared\Configurations\MutationsConfig.lua", "Lua", 172, 0, 94, 31, 297
"d:\Mods\BG3 Modder MultiTool\Absolutes_Laboratory\Absolutes_Laboratory\Mods\Absolutes_Laboratory\ScriptExtender\Lua\Shared\Configurations\_ConfigurationStructure.lua", "Lua", 159, 0, 31, 24, 214
"d:\Mods\BG3 Modder MultiTool\Absolutes_Laboratory\Absolutes_Laboratory\Mods\Absolutes_Laboratory\ScriptExtender\Lua\Shared\EntityRecorder.lua", "Lua", 299, 0, 32, 57, 388
"d:\Mods\BG3 Modder MultiTool\Absolutes_Laboratory\Absolutes_Laboratory\Mods\Absolutes_Laboratory\ScriptExtender\Lua\Shared\MissingEnums.lua", "Lua", 18, 0, 1, 1, 20
"d:\Mods\BG3 Modder MultiTool\Absolutes_Laboratory\Absolutes_Laboratory\Mods\Absolutes_Laboratory\ScriptExtender\Lua\Shared\Mutations\External\MutationModProxy.lua", "Lua", 213, 0, 18, 29, 260
<<<<<<<< HEAD:.VSCodeCounter/2025-10-13_22-37-43/results.csv
"d:\Mods\BG3 Modder MultiTool\Absolutes_Laboratory\Absolutes_Laboratory\Mods\Absolutes_Laboratory\ScriptExtender\Lua\Shared\Mutations\ListConfigurationManager.lua", "Lua", 435, 0, 46, 41, 522
"d:\Mods\BG3 Modder MultiTool\Absolutes_Laboratory\Absolutes_Laboratory\Mods\Absolutes_Laboratory\ScriptExtender\Lua\Shared\Mutations\MutationConfigurationProxy.lua", "Lua", 99, 0, 10, 16, 125
"d:\Mods\BG3 Modder MultiTool\Absolutes_Laboratory\Absolutes_Laboratory\Mods\Absolutes_Laboratory\ScriptExtender\Lua\Shared\Mutations\Mutators\AbilitiesMutator.lua", "Lua", 390, 0, 25, 65, 480
"d:\Mods\BG3 Modder MultiTool\Absolutes_Laboratory\Absolutes_Laboratory\Mods\Absolutes_Laboratory\ScriptExtender\Lua\Shared\Mutations\Mutators\ActionResourcesMutator.lua", "Lua", 992, 0, 77, 160, 1229
"d:\Mods\BG3 Modder MultiTool\Absolutes_Laboratory\Absolutes_Laboratory\Mods\Absolutes_Laboratory\ScriptExtender\Lua\Shared\Mutations\Mutators\BoostsMutator.lua", "Lua", 724, 0, 22, 64, 810
"d:\Mods\BG3 Modder MultiTool\Absolutes_Laboratory\Absolutes_Laboratory\Mods\Absolutes_Laboratory\ScriptExtender\Lua\Shared\Mutations\Mutators\ClassesAndSubclassesMutator.lua", "Lua", 537, 0, 34, 92, 663
"d:\Mods\BG3 Modder MultiTool\Absolutes_Laboratory\Absolutes_Laboratory\Mods\Absolutes_Laboratory\ScriptExtender\Lua\Shared\Mutations\Mutators\HealthMutator.lua", "Lua", 465, 0, 41, 93, 599
"d:\Mods\BG3 Modder MultiTool\Absolutes_Laboratory\Absolutes_Laboratory\Mods\Absolutes_Laboratory\ScriptExtender\Lua\Shared\Mutations\Mutators\LevelMutator.lua", "Lua", 402, 0, 31, 65, 498
"d:\Mods\BG3 Modder MultiTool\Absolutes_Laboratory\Absolutes_Laboratory\Mods\Absolutes_Laboratory\ScriptExtender\Lua\Shared\Mutations\Mutators\MutatorInterface.lua", "Lua", 299, 0, 38, 52, 389
"d:\Mods\BG3 Modder MultiTool\Absolutes_Laboratory\Absolutes_Laboratory\Mods\Absolutes_Laboratory\ScriptExtender\Lua\Shared\Mutations\Mutators\PassiveList\PassiveListDesigner.lua", "Lua", 67, 0, 2, 13, 82
"d:\Mods\BG3 Modder MultiTool\Absolutes_Laboratory\Absolutes_Laboratory\Mods\Absolutes_Laboratory\ScriptExtender\Lua\Shared\Mutations\Mutators\PassiveList\PassiveListMutator.lua", "Lua", 764, 0, 39, 102, 905
"d:\Mods\BG3 Modder MultiTool\Absolutes_Laboratory\Absolutes_Laboratory\Mods\Absolutes_Laboratory\ScriptExtender\Lua\Shared\Mutations\Mutators\PrepPhaseMarkerMutator.lua", "Lua", 156, 0, 19, 29, 204
"d:\Mods\BG3 Modder MultiTool\Absolutes_Laboratory\Absolutes_Laboratory\Mods\Absolutes_Laboratory\ScriptExtender\Lua\Shared\Mutations\Mutators\ProgressionsMutator.lua", "Lua", 393, 0, 27, 80, 500
"d:\Mods\BG3 Modder MultiTool\Absolutes_Laboratory\Absolutes_Laboratory\Mods\Absolutes_Laboratory\ScriptExtender\Lua\Shared\Mutations\Mutators\SpellList\SpellListDesigner.lua", "Lua", 92, 0, 4, 16, 112
"d:\Mods\BG3 Modder MultiTool\Absolutes_Laboratory\Absolutes_Laboratory\Mods\Absolutes_Laboratory\ScriptExtender\Lua\Shared\Mutations\Mutators\SpellList\SpellListMutator.lua", "Lua", 1491, 0, 93, 239, 1823
"d:\Mods\BG3 Modder MultiTool\Absolutes_Laboratory\Absolutes_Laboratory\Mods\Absolutes_Laboratory\ScriptExtender\Lua\Shared\Mutations\Mutators\StatusList\StatusListDesigner.lua", "Lua", 67, 0, 2, 13, 82
"d:\Mods\BG3 Modder MultiTool\Absolutes_Laboratory\Absolutes_Laboratory\Mods\Absolutes_Laboratory\ScriptExtender\Lua\Shared\Mutations\Mutators\StatusList\StatusListMutator.lua", "Lua", 670, 0, 39, 96, 805
========
"d:\Mods\BG3 Modder MultiTool\Absolutes_Laboratory\Absolutes_Laboratory\Mods\Absolutes_Laboratory\ScriptExtender\Lua\Shared\Mutations\ListConfigurationManager.lua", "Lua", 438, 0, 46, 42, 526
"d:\Mods\BG3 Modder MultiTool\Absolutes_Laboratory\Absolutes_Laboratory\Mods\Absolutes_Laboratory\ScriptExtender\Lua\Shared\Mutations\MutationConfigurationProxy.lua", "Lua", 99, 0, 10, 16, 125
"d:\Mods\BG3 Modder MultiTool\Absolutes_Laboratory\Absolutes_Laboratory\Mods\Absolutes_Laboratory\ScriptExtender\Lua\Shared\Mutations\Mutators\AbilitiesMutator.lua", "Lua", 390, 0, 25, 65, 480
"d:\Mods\BG3 Modder MultiTool\Absolutes_Laboratory\Absolutes_Laboratory\Mods\Absolutes_Laboratory\ScriptExtender\Lua\Shared\Mutations\Mutators\ActionResourcesMutator.lua", "Lua", 994, 0, 77, 160, 1231
"d:\Mods\BG3 Modder MultiTool\Absolutes_Laboratory\Absolutes_Laboratory\Mods\Absolutes_Laboratory\ScriptExtender\Lua\Shared\Mutations\Mutators\BoostsMutator.lua", "Lua", 713, 0, 22, 65, 800
"d:\Mods\BG3 Modder MultiTool\Absolutes_Laboratory\Absolutes_Laboratory\Mods\Absolutes_Laboratory\ScriptExtender\Lua\Shared\Mutations\Mutators\ClassesAndSubclassesMutator.lua", "Lua", 520, 0, 34, 92, 646
"d:\Mods\BG3 Modder MultiTool\Absolutes_Laboratory\Absolutes_Laboratory\Mods\Absolutes_Laboratory\ScriptExtender\Lua\Shared\Mutations\Mutators\HealthMutator.lua", "Lua", 500, 0, 44, 99, 643
"d:\Mods\BG3 Modder MultiTool\Absolutes_Laboratory\Absolutes_Laboratory\Mods\Absolutes_Laboratory\ScriptExtender\Lua\Shared\Mutations\Mutators\LevelMutator.lua", "Lua", 402, 0, 31, 65, 498
"d:\Mods\BG3 Modder MultiTool\Absolutes_Laboratory\Absolutes_Laboratory\Mods\Absolutes_Laboratory\ScriptExtender\Lua\Shared\Mutations\Mutators\MutatorInterface.lua", "Lua", 299, 0, 38, 52, 389
"d:\Mods\BG3 Modder MultiTool\Absolutes_Laboratory\Absolutes_Laboratory\Mods\Absolutes_Laboratory\ScriptExtender\Lua\Shared\Mutations\Mutators\PassiveList\PassiveListDesigner.lua", "Lua", 74, 0, 1, 13, 88
"d:\Mods\BG3 Modder MultiTool\Absolutes_Laboratory\Absolutes_Laboratory\Mods\Absolutes_Laboratory\ScriptExtender\Lua\Shared\Mutations\Mutators\PassiveList\PassiveListMutator.lua", "Lua", 723, 0, 35, 93, 851
"d:\Mods\BG3 Modder MultiTool\Absolutes_Laboratory\Absolutes_Laboratory\Mods\Absolutes_Laboratory\ScriptExtender\Lua\Shared\Mutations\Mutators\PrepPhaseMarkerMutator.lua", "Lua", 156, 0, 19, 29, 204
"d:\Mods\BG3 Modder MultiTool\Absolutes_Laboratory\Absolutes_Laboratory\Mods\Absolutes_Laboratory\ScriptExtender\Lua\Shared\Mutations\Mutators\ProgressionsMutator.lua", "Lua", 393, 0, 27, 80, 500
"d:\Mods\BG3 Modder MultiTool\Absolutes_Laboratory\Absolutes_Laboratory\Mods\Absolutes_Laboratory\ScriptExtender\Lua\Shared\Mutations\Mutators\SpellList\SpellListDesigner.lua", "Lua", 92, 0, 4, 16, 112
"d:\Mods\BG3 Modder MultiTool\Absolutes_Laboratory\Absolutes_Laboratory\Mods\Absolutes_Laboratory\ScriptExtender\Lua\Shared\Mutations\Mutators\SpellList\SpellListMutator.lua", "Lua", 1467, 0, 90, 231, 1788
"d:\Mods\BG3 Modder MultiTool\Absolutes_Laboratory\Absolutes_Laboratory\Mods\Absolutes_Laboratory\ScriptExtender\Lua\Shared\Mutations\Mutators\StatusList\StatusListDesigner.lua", "Lua", 74, 0, 1, 13, 88
"d:\Mods\BG3 Modder MultiTool\Absolutes_Laboratory\Absolutes_Laboratory\Mods\Absolutes_Laboratory\ScriptExtender\Lua\Shared\Mutations\Mutators\StatusList\StatusListMutator.lua", "Lua", 647, 0, 35, 90, 772
>>>>>>>> 5b308e3ca40a36f606fd6d4813ed8b744c61498e:.VSCodeCounter/2025-10-18_18-53-06/results.csv
"d:\Mods\BG3 Modder MultiTool\Absolutes_Laboratory\Absolutes_Laboratory\Mods\Absolutes_Laboratory\ScriptExtender\Lua\Shared\Mutations\Selectors\EntitySelector.lua", "Lua", 106, 0, 7, 25, 138
"d:\Mods\BG3 Modder MultiTool\Absolutes_Laboratory\Absolutes_Laboratory\Mods\Absolutes_Laboratory\ScriptExtender\Lua\Shared\Mutations\Selectors\FactionSelector.lua", "Lua", 266, 0, 27, 48, 341
"d:\Mods\BG3 Modder MultiTool\Absolutes_Laboratory\Absolutes_Laboratory\Mods\Absolutes_Laboratory\ScriptExtender\Lua\Shared\Mutations\Selectors\GameLevelSelector.lua", "Lua", 37, 0, 7, 9, 53
"d:\Mods\BG3 Modder MultiTool\Absolutes_Laboratory\Absolutes_Laboratory\Mods\Absolutes_Laboratory\ScriptExtender\Lua\Shared\Mutations\Selectors\PassiveSelector.lua", "Lua", 169, 0, 10, 31, 210
"d:\Mods\BG3 Modder MultiTool\Absolutes_Laboratory\Absolutes_Laboratory\Mods\Absolutes_Laboratory\ScriptExtender\Lua\Shared\Mutations\Selectors\PrepMarkerSelector.lua", "Lua", 107, 0, 7, 16, 130
"d:\Mods\BG3 Modder MultiTool\Absolutes_Laboratory\Absolutes_Laboratory\Mods\Absolutes_Laboratory\ScriptExtender\Lua\Shared\Mutations\Selectors\RaceSelector.lua", "Lua", 182, 0, 26, 37, 245
"d:\Mods\BG3 Modder MultiTool\Absolutes_Laboratory\Absolutes_Laboratory\Mods\Absolutes_Laboratory\ScriptExtender\Lua\Shared\Mutations\Selectors\SelectorInterface.lua", "Lua", 395, 0, 37, 43, 475
"d:\Mods\BG3 Modder MultiTool\Absolutes_Laboratory\Absolutes_Laboratory\Mods\Absolutes_Laboratory\ScriptExtender\Lua\Shared\Mutations\Selectors\SizeSelector.lua", "Lua", 40, 0, 8, 9, 57
"d:\Mods\BG3 Modder MultiTool\Absolutes_Laboratory\Absolutes_Laboratory\Mods\Absolutes_Laboratory\ScriptExtender\Lua\Shared\Mutations\Selectors\StatSelector.lua", "Lua", 255, 0, 26, 44, 325
"d:\Mods\BG3 Modder MultiTool\Absolutes_Laboratory\Absolutes_Laboratory\Mods\Absolutes_Laboratory\ScriptExtender\Lua\Shared\Mutations\Selectors\TagSelector.lua", "Lua", 142, 0, 15, 30, 187
"d:\Mods\BG3 Modder MultiTool\Absolutes_Laboratory\Absolutes_Laboratory\Mods\Absolutes_Laboratory\ScriptExtender\Lua\Shared\Mutations\Selectors\TemplateSelector.lua", "Lua", 267, 0, 25, 49, 341
"d:\Mods\BG3 Modder MultiTool\Absolutes_Laboratory\Absolutes_Laboratory\Mods\Absolutes_Laboratory\ScriptExtender\Lua\Shared\Mutations\Selectors\XPRewardSelector.lua", "Lua", 64, 0, 9, 12, 85
"d:\Mods\BG3 Modder MultiTool\Absolutes_Laboratory\Absolutes_Laboratory\Mods\Absolutes_Laboratory\ScriptExtender\Lua\Utilities\Advanced\_CustomEntitySerializer.lua", "Lua", 74, 0, 6, 6, 86
<<<<<<<< HEAD:.VSCodeCounter/2025-10-13_22-37-43/results.csv
"d:\Mods\BG3 Modder MultiTool\Absolutes_Laboratory\Absolutes_Laboratory\Mods\Absolutes_Laboratory\ScriptExtender\Lua\Utilities\Advanced\_ECSPrinter.lua", "Lua", 330, 0, 54, 54, 438
"d:\Mods\BG3 Modder MultiTool\Absolutes_Laboratory\Absolutes_Laboratory\Mods\Absolutes_Laboratory\ScriptExtender\Lua\Utilities\Client\IMGUI\_FormBuilder.lua", "Lua", 153, 0, 20, 22, 195
"d:\Mods\BG3 Modder MultiTool\Absolutes_Laboratory\Absolutes_Laboratory\Mods\Absolutes_Laboratory\ScriptExtender\Lua\Utilities\Client\IMGUI\_Helpers.lua", "Lua", 10, 0, 1, 2, 13
"d:\Mods\BG3 Modder MultiTool\Absolutes_Laboratory\Absolutes_Laboratory\Mods\Absolutes_Laboratory\ScriptExtender\Lua\Utilities\Client\IMGUI\_Index.lua", "Lua", 2, 0, 0, 1, 3
========
"d:\Mods\BG3 Modder MultiTool\Absolutes_Laboratory\Absolutes_Laboratory\Mods\Absolutes_Laboratory\ScriptExtender\Lua\Utilities\Advanced\_ECSPrinter.lua", "Lua", 327, 0, 54, 54, 435
"d:\Mods\BG3 Modder MultiTool\Absolutes_Laboratory\Absolutes_Laboratory\Mods\Absolutes_Laboratory\ScriptExtender\Lua\Utilities\Client\IMGUI\_FormBuilder.lua", "Lua", 153, 0, 20, 22, 195
"d:\Mods\BG3 Modder MultiTool\Absolutes_Laboratory\Absolutes_Laboratory\Mods\Absolutes_Laboratory\ScriptExtender\Lua\Utilities\Client\IMGUI\_Helpers.lua", "Lua", 10, 0, 1, 2, 13
"d:\Mods\BG3 Modder MultiTool\Absolutes_Laboratory\Absolutes_Laboratory\Mods\Absolutes_Laboratory\ScriptExtender\Lua\Utilities\Client\IMGUI\_Index.lua", "Lua", 3, 0, 0, 1, 4
"d:\Mods\BG3 Modder MultiTool\Absolutes_Laboratory\Absolutes_Laboratory\Mods\Absolutes_Laboratory\ScriptExtender\Lua\Utilities\Client\IMGUI\_Styler.lua", "Lua", 341, 0, 77, 62, 480
>>>>>>>> 5b308e3ca40a36f606fd6d4813ed8b744c61498e:.VSCodeCounter/2025-10-18_18-53-06/results.csv
"d:\Mods\BG3 Modder MultiTool\Absolutes_Laboratory\Absolutes_Laboratory\Mods\Absolutes_Laboratory\ScriptExtender\Lua\Utilities\Common\_FileUtils.lua", "Lua", 73, 0, 18, 15, 106
"d:\Mods\BG3 Modder MultiTool\Absolutes_Laboratory\Absolutes_Laboratory\Mods\Absolutes_Laboratory\ScriptExtender\Lua\Utilities\Common\_Index.lua", "Lua", 4, 0, 0, 1, 5
"d:\Mods\BG3 Modder MultiTool\Absolutes_Laboratory\Absolutes_Laboratory\Mods\Absolutes_Laboratory\ScriptExtender\Lua\Utilities\Common\_Logger.lua", "Lua", 194, 0, 6, 33, 233
"d:\Mods\BG3 Modder MultiTool\Absolutes_Laboratory\Absolutes_Laboratory\Mods\Absolutes_Laboratory\ScriptExtender\Lua\Utilities\Common\_TableUtils.lua", "Lua", 171, 0, 46, 29, 246
<<<<<<<< HEAD:.VSCodeCounter/2025-10-13_22-37-43/results.csv
"d:\Mods\BG3 Modder MultiTool\Absolutes_Laboratory\Absolutes_Laboratory\Mods\Absolutes_Laboratory\ScriptExtender\Lua\Utilities\Common\_Translator.lua", "Lua", 11, 0, 0, 4, 15
"d:\Mods\BG3 Modder MultiTool\Absolutes_Laboratory\Absolutes_Laboratory\Mods\Absolutes_Laboratory\ScriptExtender\Lua\Utilities\IDEHelpers\Ext.Osiris.RegisterListener.lua", "Lua", 2, 0, 637, 5, 644
"d:\Mods\BG3 Modder MultiTool\Absolutes_Laboratory\Absolutes_Laboratory\Mods\Absolutes_Laboratory\ScriptExtender\Lua\Utilities\IDEHelpers\ExtIdeHelpers.lua", "Lua", 10946, 0, 17265, 5643, 33854
"d:\Mods\BG3 Modder MultiTool\Absolutes_Laboratory\Absolutes_Laboratory\Mods\Absolutes_Laboratory\ScriptExtender\Lua\Utilities\IDEHelpers\Osi.Events.lua", "Lua", 316, 0, 816, 317, 1449
"d:\Mods\BG3 Modder MultiTool\Absolutes_Laboratory\Absolutes_Laboratory\Mods\Absolutes_Laboratory\ScriptExtender\Lua\Utilities\IDEHelpers\Osi.lua", "Lua", 983, 0, 2797, 1007, 4787
"d:\Mods\BG3 Modder MultiTool\Absolutes_Laboratory\Absolutes_Laboratory\Mods\Absolutes_Laboratory\ScriptExtender\Lua\Utilities\Networking\Channels.lua", "Lua", 6, 0, 19, 8, 33
"d:\Mods\BG3 Modder MultiTool\Absolutes_Laboratory\Absolutes_Laboratory\Mods\Absolutes_Laboratory\ScriptExtender\Lua\Utilities\README.md", "Markdown", 0, 18, 0, 13, 31
"Total", "-", 31961, 18, 23284, 10153, 65416
========
"d:\Mods\BG3 Modder MultiTool\Absolutes_Laboratory\Absolutes_Laboratory\Mods\Absolutes_Laboratory\ScriptExtender\Lua\Utilities\Common\_Translator.lua", "Lua", 11, 0, 0, 3, 14
"d:\Mods\BG3 Modder MultiTool\Absolutes_Laboratory\Absolutes_Laboratory\Mods\Absolutes_Laboratory\ScriptExtender\Lua\Utilities\IDEHelpers\Ext.Osiris.RegisterListener.lua", "Lua", 2, 0, 637, 5, 644
"d:\Mods\BG3 Modder MultiTool\Absolutes_Laboratory\Absolutes_Laboratory\Mods\Absolutes_Laboratory\ScriptExtender\Lua\Utilities\IDEHelpers\ExtIdeHelpers.lua", "Lua", 11008, 0, 17268, 5644, 33920
"d:\Mods\BG3 Modder MultiTool\Absolutes_Laboratory\Absolutes_Laboratory\Mods\Absolutes_Laboratory\ScriptExtender\Lua\Utilities\IDEHelpers\Osi.Events.lua", "Lua", 316, 0, 816, 317, 1449
"d:\Mods\BG3 Modder MultiTool\Absolutes_Laboratory\Absolutes_Laboratory\Mods\Absolutes_Laboratory\ScriptExtender\Lua\Utilities\IDEHelpers\Osi.lua", "Lua", 983, 0, 2797, 1007, 4787
"d:\Mods\BG3 Modder MultiTool\Absolutes_Laboratory\Absolutes_Laboratory\Mods\Absolutes_Laboratory\ScriptExtender\Lua\Utilities\Networking\Channels.lua", "Lua", 6, 0, 19, 7, 32
"d:\Mods\BG3 Modder MultiTool\Absolutes_Laboratory\Absolutes_Laboratory\Mods\Absolutes_Laboratory\ScriptExtender\Lua\Utilities\README.md", "Markdown", 0, 22, 0, 16, 38
"d:\Mods\BG3 Modder MultiTool\Absolutes_Laboratory\Absolutes_Laboratory\Mods\Absolutes_Laboratory\ScriptExtender\Lua\Utilities\_CustomEntitySerializer.lua", "Lua", 74, 0, 6, 6, 86
"d:\Mods\BG3 Modder MultiTool\Absolutes_Laboratory\Absolutes_Laboratory\Mods\Absolutes_Laboratory\ScriptExtender\Lua\Utilities\_ECSPrinter.lua", "Lua", 327, 0, 54, 54, 435
<<<<<<< HEAD:.VSCodeCounter/2025-10-18_18-53-06/results.csv
"Total", "-", 32486, 22, 23343, 10223, 66074
>>>>>>>> 5b308e3ca40a36f606fd6d4813ed8b744c61498e:.VSCodeCounter/2025-10-18_18-53-06/results.csv
=======
"Total", "-", 32518, 22, 23344, 10225, 66109
>>>>>>> 5f13054e93c4c7b399b063771bfa947f835a665b:.VSCodeCounter/2025-10-19_12-56-39/results.csv
